,Strategy Return,SPY Buy&Hold_x,SPY Buy&Hold_y
2019-11-01,0.016624657122624432,0.00922131450146857,0.00922131450146857
2019-11-04,0.005312242415159484,0.00400965873416137,0.00400965873416137
2019-11-05,-0.0023718267220637092,-0.0011068223896657514,-0.0011068223896657514
2019-11-06,0.00019724978312158059,0.0002279284467707754,0.0002279284467707754
2019-11-07,0.00523800589786328,0.003510844552477188,0.003510844552477188
2019-11-08,0.007735645820560249,0.0024629952106201003,0.0024629952106201003
2019-11-11,0.0012639830479958239,-0.0019117608921526141,-0.0019117608921526141
2019-11-12,0.001994467890440268,0.0021058329429619604,0.0021058329429619604
2019-11-13,0.0031541192356965985,0.0003237923809003007,0.0003237923809003007
2019-11-14,0.0018170129864353225,0.0014548201485924395,0.0014548201485924395
2019-11-15,0.010140608948848108,0.0072100503066296895,0.0072100503066296895
2019-11-18,0.0034294093580174954,0.0007373613082881647,0.0007373613082881647
2019-11-19,0.005883987362398832,-0.0002884087598058471,-0.0002884087598058471
2019-11-20,-0.005109889645336112,-0.003725900452876907,-0.003725900452876907
2019-11-21,-0.005005565163638994,-0.0016101414284710458,-0.0016101414284710458
2019-11-22,-0.0024601966711132006,0.0022214819878829672,0.0022214819878829672
2019-11-25,0.012301419014281207,0.007720294560545682,0.007720294560545682
2019-11-26,-0.003606196370905803,0.002262962322046036,0.002262962322046036
2019-11-27,0.005854561808584436,0.004447783161801944,0.004447783161801944
2019-11-29,-0.005862737232189649,-0.0037155881282240344,-0.0037155881282240344
2019-12-02,-0.007742899628368155,-0.00853106647547186,-0.00853106647547186
2019-12-03,-0.007430872221831151,-0.006728828402344789,-0.006728828402344789
2019-12-04,0.005575007158940422,0.00615111918722544,0.00615111918722544
2019-12-05,0.0012409263343613629,0.0017962924276924142,0.0017962924276924142
2019-12-06,0.009112311632963574,0.009092606169728512,0.009092606169728512
2019-12-09,-0.004913517854627185,-0.0031490065240049603,-0.0031490065240049603
2019-12-10,-0.0010922618032948614,-0.0011156240879666157,-0.0011156240879666157
2019-12-11,0.003241028551949659,0.0028345120642905286,0.0028345120642905286
2019-12-12,0.009047055662365067,0.008582118145339379,0.008582118145339379
2019-12-13,0.002116995540662258,0.0005990837461746779,0.0005990837461746779
2019-12-16,0.008760187209815376,0.0068464638835683544,0.0068464638835683544
2019-12-17,-0.0007045035052873573,0.00021913558662589594,0.00021913558662589594
2019-12-18,-7.746152493172506e-05,6.233857122417419e-05,6.233857122417419e-05
2019-12-19,0.0023276983327718296,0.004090714771250781,0.004090714771250781
2019-12-20,0.004466498132249057,0.004374638218084037,0.004374638218084037
2019-12-23,0.001120902147840341,0.0015263806289187443,0.0015263806289187443
2019-12-24,0.0008765720095738375,3.146499552375559e-05,3.146499552375559e-05
2019-12-26,0.004879908748689575,0.005308846976471493,0.005308846976471493
2019-12-27,-0.00015620050963277674,-0.00024769671621527323,-0.00024769671621527323
2019-12-30,-0.005813057816419551,-0.005528370640980107,-0.005528370640980107
2019-12-31,0.0023372646549555784,0.0024263175022962713,0.0024263175022962713
2020-01-02,0.004778597238410535,0.009308151904393824,0.009308151904393824
2020-01-03,-0.0029701599259397077,-0.007600927750104347,-0.007600927750104347
2020-01-06,0.0002900820179652734,0.0038078864578512395,0.0038078864578512395
2020-01-07,0.0015873173504084225,-0.0028156829513754644,-0.0028156829513754644
2020-01-08,0.0026330735315568117,0.005315491063474731,0.005315491063474731
2020-01-09,0.005849370313342825,0.0067576843113030804,0.0067576843113030804
2020-01-10,0.00016060949590603464,-0.0028817939721985653,-0.0028817939721985653
2020-01-13,0.006830773044374193,0.0068537280897569275,0.0068537280897569275
2020-01-14,0.00021233911496313076,-0.0015258005266645114,-0.0015258005266645114
2020-01-15,-0.003413323709271966,0.0022572794522899287,0.0022572794522899287
2020-01-16,0.0035518234330708174,0.008284014206775936,0.008284014206775936
2020-01-17,0.0025814914824900557,0.0031076225240846966,0.0031076225240846966
2020-01-21,-0.004141801215182873,-0.0019600155392698326,-0.0019600155392698326
2020-01-22,0.003939708984883137,0.0001207499702662318,0.0001207499702662318
2020-01-23,0.0019394177651334327,0.0011462511382029916,0.0011462511382029916
2020-01-24,-0.009102238038180544,-0.008933054461823353,-0.008933054461823353
2020-01-27,-0.013415499534747495,-0.016159270977865958,-0.016159270977865958
2020-01-28,0.007084428561808635,0.010424877957678547,0.010424877957678547
2020-01-29,-0.00796330360011165,-0.0008264244218700867,-0.0008264244218700867
2020-01-30,0.006761263587007317,0.003240018452832061,0.003240018452832061
2020-01-31,-0.014227664794769092,-0.01832486359273755,-0.01832486359273755
2020-02-03,0.0073827491627243835,0.007401274136027425,0.007401274136027425
2020-02-04,0.02220095888019967,0.015126251689793868,0.015126251689793868
2020-02-05,0.010617056141133943,0.011481691755900414,0.011481691755900414
2020-02-06,0.005588532207359015,0.0033593179618716107,0.0033593179618716107
2020-02-07,-0.01162151748945488,-0.005344003786827756,-0.005344003786827756
2020-02-10,0.0027493500315945605,0.007437667028102446,0.007437667028102446
2020-02-11,0.007122435132456127,0.0017315541151949887,0.0017315541151949887
2020-02-12,0.011558848948482487,0.0064221366493253385,0.0064221366493253385
2020-02-13,0.0008077659450264941,-0.0010674799685492786,-0.0010674799685492786
2020-02-14,-0.0018093972084050958,0.0016007448060069152,0.0016007448060069152
2020-02-18,-0.00610824119169309,-0.0025802781946824282,-0.0025802781946824282
2020-02-19,0.00920093504396313,0.004769862575494166,0.004769862575494166
2020-02-20,-0.0043903487985496445,-0.004116862321115633,-0.004116862321115633
2020-02-21,-0.011939560104819039,-0.010351475089093398,-0.010351475089093398
2020-02-24,-0.03518270190439838,-0.033727951274044266,-0.033727951274044266
2020-02-25,-0.03331304576490125,-0.030770789278880883,-0.030770789278880883
2020-02-26,-0.006217371272169021,-0.0036848947850751657,-0.0036848947850751657
2020-02-27,-0.0403067469501715,-0.045951586328253136,-0.045951586328253136
2020-02-28,-0.0035382258368716448,-0.004210156885578797,-0.004210156885578797
2020-03-02,0.037393521408286404,0.042394796040358784,0.042394796040358784
2020-03-03,-0.030200083613109285,-0.029050245908512906,-0.029050245908512906
2020-03-04,0.03608917431319318,0.04117368148372336,0.04117368148372336
2020-03-05,-0.043014690805365303,-0.03380666476059524,-0.03380666476059524
2020-03-06,-0.018142926790263917,-0.016669323396380165,-0.016669323396380165
2020-03-09,-0.10076301902538409,-0.08131254818850042,-0.08131254818850042
2020-03-10,0.052042404041184924,0.05045044479625638,0.05045044479625638
2020-03-11,-0.056503071849017504,-0.04997686526973677,-0.04997686526973677
2020-03-12,-0.11319751787364558,-0.10056876770221823,-0.10056876770221823
2020-03-13,0.1036471235465079,0.08202819508611192,0.08202819508611192
2020-03-16,-0.1189081446166887,-0.11588649220945868,-0.11588649220945868
2020-03-17,0.04890102747361159,0.05258496677905633,0.05258496677905633
2020-03-18,-0.0685377916633262,-0.05195990091395419,-0.05195990091395419
2020-03-19,0.003513194689468433,0.0021229412903940315,0.0021229412903940315
2020-03-20,-0.03824496329973837,-0.04405049013933038,-0.04405049013933038
2020-03-23,-0.04883964045006177,-0.025900763426603746,-0.025900763426603746
2020-03-24,0.10742517585308459,0.08673094514788104,0.08673094514788104
2020-03-25,0.03213455874160449,0.014859192798391874,0.014859192798391874
2020-03-26,0.06860483740217617,0.056748909779893,0.056748909779893
2020-03-27,-0.037445634959658615,-0.0302385842081474,-0.0302385842081474
2020-03-30,0.018898673538922616,0.03195951321995949,0.03195951321995949
2020-03-31,-0.02219582239847988,-0.015017362438723758,-0.015017362438723758
2020-04-01,-0.07183150753718465,-0.04604922036778625,-0.04604922036778625
2020-04-02,0.011327931395148772,0.022813264505514574,0.022813264505514574
2020-04-03,-0.02890418231153839,-0.01455956714387252,-0.01455956714387252
2020-04-06,0.08462873670162177,0.06500671564908345,0.06500671564908345
2020-04-07,0.02019142240499607,0.001019109906110316,0.001019109906110316
2020-04-08,0.05595057502852516,0.03301711055233891,0.03301711055233891
2020-04-09,0.03405085735901585,0.015103018639187837,0.015103018639187837
2020-04-13,-0.03059658643880058,-0.00917209794664764,-0.00917209794664764
2020-04-14,0.009484619701506405,0.0290659893426799,0.0290659893426799
2020-04-15,-0.03943227109818569,-0.02147717140077532,-0.02147717140077532
2020-04-16,-0.02380929850864317,0.004812841746193008,0.004812841746193008
2020-04-17,0.060422643860191465,0.026656950967486992,0.026656950967486992
2020-04-20,-0.030424470724937584,-0.017774990344570085,-0.017774990344570085
2020-04-21,-0.03596769375539602,-0.0308336916574099,-0.0308336916574099
2020-04-22,0.010789048391954676,0.021951731034492994,0.021951731034492994
2020-04-23,0.0068170202272431705,-7.165998624625303e-05,-7.165998624625303e-05
2020-04-24,0.012480266954312792,0.0138422922746253,0.0138422922746253
2020-04-27,0.029578989188995073,0.014315576393926221,0.014315576393926221
2020-04-28,0.023313651520900962,-0.0046091252991189435,-0.0046091252991189435
2020-04-29,0.05083469294110661,0.025841901569143566,0.025841901569143566
2020-04-30,-0.03378943592134977,-0.00935432036553685,-0.00935432036553685
2020-05-01,-0.021120947616010608,-0.026830102913530496,-0.026830102913530496
2020-05-04,0.01370049904845593,0.0027542622592742205,0.0027542622592742205
2020-05-05,0.012107325287721961,0.009197294798800826,0.009197294798800826
2020-05-06,-0.006787547992261098,-0.006802104243757157,-0.006802104243757157
2020-05-07,0.010317123787790075,0.011994764409407388,0.011994764409407388
2020-05-08,0.013089672360183343,0.016410426122378752,0.016410426122378752
2020-05-11,0.015628703318024177,0.00020514503146262797,0.00020514503146262797
2020-05-12,-0.019835689666992798,-0.020132802184815723,-0.020132802184815723
2020-05-13,-0.007054126135645395,-0.017843903881183287,-0.017843903881183287
2020-05-14,0.007464041288776142,0.011895983652224551,0.011895983652224551
2020-05-15,0.010207949642922811,0.004586403565399522,0.004586403565399522
2020-05-18,0.017622780976154495,0.03000527249663154,0.03000527249663154
2020-05-19,-0.008952910226288038,-0.010324470430421506,-0.010324470430421506
2020-05-20,0.0095012981797766,0.01684534521368075,0.01684534521368075
2020-05-21,-0.01006411474717597,-0.006927838301557188,-0.006927838301557188
2020-05-22,0.003673135028760998,0.0018973467310940961,0.0018973467310940961
2020-05-26,-0.0064388141859099204,0.012244964669452685,0.012244964669452685
2020-05-27,0.010430614984730493,0.014769748829441376,0.014769748829441376
2020-05-28,0.005897977027740974,-0.001846836515796646,-0.001846836515796646
2020-05-29,0.020964614728897053,0.0044460563638786255,0.0044460563638786255
2020-06-01,0.0043052223983178735,0.004033515772094098,0.004033515772094098
2020-06-02,0.0046249853174585576,0.00824604657830097,0.00824604657830097
2020-06-03,-2.2625165690874725e-05,0.013220392055000474,0.013220392055000474
2020-06-04,-0.011927690063753217,-0.0026300915639732025,-0.0026300915639732025
2020-06-05,0.014554805957404092,0.025306559362116232,0.025306559362116232
2020-06-08,0.010303403621245386,0.012015215277906499,0.012015215277906499
2020-06-09,0.004200452448681552,-0.0074847187931776915,-0.0074847187931776915
2020-06-10,0.014852764731330993,-0.005595433869475919,-0.005595433869475919
2020-06-11,-0.048161061520284494,-0.05937785624133696,-0.05937785624133696
2020-06-12,0.0041628809394921844,0.011904798842309106,0.011904798842309106
2020-06-15,0.015321651668909616,0.009292367764840215,0.009292367764840215
2020-06-16,0.010498102039419553,0.019064860178808374,0.019064860178808374
2020-06-17,0.0063512843445154305,-0.004162553941537972,-0.004162553941537972
2020-06-18,-0.0005613787898390353,0.0003848492577009921,0.0003848492577009921
2020-06-19,0.011777473796037413,-0.005731231567187578,-0.005731231567187578
2020-06-22,0.006676037589388817,0.006394756400029955,0.006394756400029955
2020-06-23,0.004852617341149138,0.004593215284607766,0.004593215284607766
2020-06-24,-0.025137989386989277,-0.025839902402434944,-0.025839902402434944
2020-06-25,0.014489418890493334,0.010663338366118325,0.010663338366118325
2020-06-26,-0.024922562657665008,-0.02403783203445542,-0.02403783203445542
2020-06-29,0.013639348768783876,0.014590590935135594,0.014590590935135594
2020-06-30,0.022275681649372336,0.012728353152067662,0.012728353152067662
2020-07-01,0.016064941095242515,0.006980215384251309,0.006980215384251309
2020-07-02,0.01050354890289414,0.005491732782058278,0.005491732782058278
2020-07-06,0.029293831506271163,0.015319235345283566,0.015319235345283566
2020-07-07,-0.0014191767671051687,-0.010367186824745467,-0.010367186824745467
2020-07-08,0.013746574165332977,0.007619627410704766,0.007619627410704766
2020-07-09,0.011500788332619138,-0.005709193902487364,-0.005709193902487364
2020-07-10,0.009262629841929283,0.010158618246185469,0.010158618246185469
2020-07-13,-0.026662984167609163,-0.008696689325844886,-0.008696689325844886
2020-07-14,0.00910629741615454,0.012875886027073236,0.012875886027073236
2020-07-15,0.0006288477921595997,0.009145265861216778,0.009145265861216778
2020-07-16,-0.009663627233931209,-0.003298889827653362,-0.003298889827653362
2020-07-17,0.003419878656318674,0.002894822315890444,0.002894822315890444
2020-07-20,0.03430536275372127,0.00804910222406452,0.00804910222406452
2020-07-21,-0.02150212680718548,0.0021252763302834765,0.0021252763302834765
2020-07-22,0.00421289959240745,0.005675929140584124,0.005675929140584124
2020-07-23,-0.028914183827433774,-0.012003401409087289,-0.012003401409087289
2020-07-24,-0.00972424797612129,-0.006461192107441782,-0.006461192107441782
2020-07-27,0.024790570039632073,0.007266062953397601,0.007266062953397601
2020-07-28,-0.01528001063055566,-0.0063628250740013215,-0.0063628250740013215
2020-07-29,0.010188403822488236,0.012223666757825491,0.012223666757825491
2020-07-30,0.006583318155374677,-0.0035743204456721855,-0.0035743204456721855
2020-07-31,0.015292965888693309,0.007871318970518182,0.007871318970518182
2020-08-03,0.01086846108996866,0.006928229777851236,0.006928229777851236
2020-08-04,0.00944809673747704,0.003854983441194726,0.003854983441194726
2020-08-05,0.004370220889646727,0.006191975060806598,0.006191975060806598
2020-08-06,0.0014160570205376582,0.006662405726456377,0.006662405726456377
2020-08-07,-0.0027712252258760175,0.0007174188273832982,0.0007174188273832982
2020-08-10,-0.002618658418526969,0.0029844682934641042,0.0029844682934641042
2020-08-11,-0.015830955085015735,-0.008288912443800811,-0.008288912443800811
2020-08-12,0.03303061376361806,0.013846012870700974,0.013846012870700974
2020-08-13,0.0073054615909023185,-0.001809462710161469,-0.001809462710161469
2020-08-14,0.002830016695267052,2.9891693229977534e-05,2.9891693229977534e-05
2020-08-17,0.023619033616515385,0.0031715548564488216,0.0031715548564488216
2020-08-18,0.007850421046994757,0.002158065627614114,0.002158065627614114
2020-08-19,0.00819667449781498,-0.004172553463707374,-0.004172553463707374
2020-08-20,0.007899024005965916,0.0031087471850099746,0.0031087471850099746
2020-08-21,0.007434994245039342,0.00354115497755636,0.00354115497755636
2020-08-24,0.005549586473132536,0.010082266400377904,0.010082266400377904
2020-08-25,0.0025269222626891773,0.0034930426164327955,0.0034930426164327955
2020-08-26,0.018980497086872168,0.009975778996491158,0.009975778996491158
2020-08-27,-0.003165152495031944,0.0021840377808226563,0.0021840377808226563
2020-08-28,0.003284315727007759,0.0064385836888734005,0.0064385836888734005
2020-08-31,0.013408438214427963,-0.003629211506544827,-0.003629211506544827
2020-09-01,0.01837783596731344,0.009374609074694007,0.009374609074694007
2020-09-02,0.01146106849371023,0.014360386452118235,0.014360386452118235
2020-09-03,-0.03730066428865351,-0.03502043180991432,-0.03502043180991432
2020-09-04,-0.02111070930491409,-0.008198113257225081,-0.008198113257225081
2020-09-08,-0.02377691203058613,-0.027703108458747572,-0.027703108458747572
2020-09-09,0.021405371218221905,0.019554817381072453,0.019554817381072453
2020-09-10,-0.017219119150117968,-0.017516243294543266,-0.017516243294543266
2020-09-11,-0.004503513443964736,0.0005092355763753886,0.0005092355763753886
2020-09-14,0.012011261162696952,0.013084907334587115,0.013084907334587115
2020-09-15,0.014209608867313381,0.0050400024435850455,0.0050400024435850455
2020-09-16,-0.01589577913370344,-0.003976666411406704,-0.003976666411406704
2020-09-17,-0.012523183081947805,-0.008834252655985253,-0.008834252655985253
2020-09-18,-0.009621702266052258,-0.011579393448274189,-0.011579393448274189
2020-09-21,-0.000293148008507569,-0.011191842255407813,-0.011191842255407813
2020-09-22,0.017378421796664354,0.010132561511265514,0.010132561511265514
2020-09-23,-0.027639115412860637,-0.023464046436762587,-0.023464046436762587
2020-09-24,0.0006213312686906511,0.0026619931089566506,0.0026619931089566506
2020-09-25,0.018818531813394976,0.01603772933544878,0.01603772933544878
2020-09-28,0.017165588421223437,0.016472986320821725,0.016472986320821725
2020-09-29,-0.0016121774442950747,-0.0054609319543192925,-0.0054609319543192925
2020-09-30,0.006083906095798758,0.007553367819757462,0.007553367819757462
2020-10-01,0.004300588856981948,0.0063993780790676524,0.0063993780790676524
2020-10-02,-0.006527197040788037,-0.009539867975216332,-0.009539867975216332
2020-10-05,0.01964614797755805,0.017577766191217314,0.017577766191217314
2020-10-06,-0.0034411716682817366,-0.014317884401464198,-0.014317884401464198
2020-10-07,0.01788096084795437,0.017256789103941905,0.017256789103941905
2020-10-08,0.003951559623962378,0.008823494423904066,0.008823494423904066
2020-10-09,0.009089286724328674,0.008890433639728634,0.008890433639728634
2020-10-12,0.008512026035808869,0.01595988979415086,0.01595988979415086
2020-10-13,0.0022201274798341543,-0.006547510457697747,-0.006547510457697747
2020-10-14,-0.003480965348922478,-0.0063033115410062734,-0.0063033115410062734
2020-10-15,0.0023857914143684323,-0.001236750951064458,-0.001236750951064458
2020-10-16,0.0018208749092798338,-0.0006043729280102994,-0.0006043729280102994
2020-10-19,-0.013284007511194972,-0.015320228518982404,-0.015320228518982404
2020-10-20,0.008997744873410443,0.003997779809392199,0.003997779809392199
2020-10-21,-0.003745719689531164,-0.0018948026283620578,-0.0018948026283620578
2020-10-22,-0.002393193133193501,0.005470264977286199,0.005470264977286199
2020-10-23,0.003975623151966858,0.0033895589233106094,0.0033895589233106094
2020-10-26,-0.013877951569626498,-0.018652835799251477,-0.018652835799251477
2020-10-27,0.0052495473433991895,-0.003453392747670314,-0.003453392747670314
2020-10-28,-0.0381222061900712,-0.03477665483261472,-0.03477665483261472
2020-10-29,0.00874681964695126,0.010112224121462177,0.010112224121462177
2020-10-30,-0.016141212574393392,-0.010479709426430617,-0.010479709426430617
2020-11-02,0.010123809797676823,0.011146244532017846,0.011146244532017846
2020-11-03,0.022815257042369485,0.017501833566611502,0.017501833566611502
2020-11-04,0.031724599214108085,0.02210304174237354,0.02210304174237354
2020-11-05,0.019074152887834865,0.019315117802849002,0.019315117802849002
2020-11-06,0.0016091548672831268,-0.00022863279563978267,-0.00022863279563978267
2020-11-09,-0.008855664473394661,0.012487515768944135,0.012487515768944135
2020-11-10,-0.01699603662490883,-0.0014677856036851011,-0.0014677856036851011
2020-11-11,0.01786727242495873,0.007401293446540613,0.007401293446540613
2020-11-12,-0.008832535782269009,-0.009748471605629305,-0.009748471605629305
2020-11-13,0.006506004657664415,0.013749572829448553,0.013749572829448553
2020-11-16,0.009359517593085679,0.012405421983010534,0.012405421983010534
2020-11-17,0.0013471622673725506,-0.005392875375864747,-0.005392875375864747
2020-11-18,-0.0010411721620042316,-0.012107747661548096,-0.012107747661548096
2020-11-19,0.008070609757754414,0.004201340525558095,0.004201340525558095
2020-11-20,-0.007602664321295389,-0.006871369267254401,-0.006871369267254401
2020-11-23,0.013675407585089474,0.005976619405345218,0.005976619405345218
2020-11-24,0.011836226170767804,0.015985243296157137,0.015985243296157137
2020-11-25,0.008419369810404316,-0.0015430151668569536,-0.0015430151668569536
2020-11-27,0.006160005575378868,0.002780983799565817,0.002780983799565817
2020-11-30,-0.0012792000146231886,-0.004436904925770868,-0.004436904925770868
2020-12-01,0.004188608049908254,0.010878149331658094,0.010878149331658094
2020-12-02,-0.015382270798583085,0.002101527705495876,0.002101527705495876
2020-12-03,-0.0017554460452774536,-0.00027301101924148696,-0.00027301101924148696
2020-12-04,0.008309714304762628,0.00858100592345501,0.00858100592345501
2020-12-07,-0.007090014135889411,-0.002056951375696059,-0.002056951375696059
2020-12-08,-0.003584694612550478,0.0029219131832727285,0.0029219131832727285
2020-12-09,0.0036234930217692507,-0.009009360544501632,-0.009009360544501632
2020-12-10,-0.008169653862139612,-0.0003273064685620497,-0.0003273064685620497
2020-12-11,-0.00021177839998588234,-0.0011732257466636753,-0.0011732257466636753
2020-12-14,0.002168900090430321,-0.0044872132595825676,-0.0044872132595825676
2020-12-15,0.006481060811064761,0.013428903543293735,0.013428903543293735
2020-12-16,0.0024369993047757754,0.0015682024760161895,0.0015682024760161895
2020-12-17,0.00569125754604086,0.0055764166720040365,0.0055764166720040365
2020-12-18,-0.00012861590027603688,-0.004000990771092283,-0.004000990771092283
2020-12-21,-0.006038622248679287,-0.0035819415312463576,-0.0035819415312463576
2020-12-22,-0.0035444452654289954,-0.001686717080708,-0.001686717080708
2020-12-23,0.004621886610135539,0.0008981369018501439,0.0008981369018501439
2020-12-24,0.000347084041239343,0.0038827474554583574,0.0038827474554583574
2020-12-28,0.0007170224184600068,0.00855422347987922,0.00855422347987922
2020-12-29,-0.0024792695872394833,-0.0019095977368035477,-0.0019095977368035477
2020-12-30,-0.0009048635751071644,0.00142565744511014,0.00142565744511014
2020-12-31,0.007631332911000313,0.0050679380181248845,0.0050679380181248845
2021-01-04,-0.0175994382431805,-0.013707375769447694,-0.013707375769447694
2021-01-05,0.009883424328991409,0.006863642321984997,0.006863642321984997
2021-01-06,0.004975215498737,0.0059605902199200145,0.0059605902199200145
2021-01-07,0.01833081475896052,0.014748329353370337,0.014748329353370337
2021-01-08,0.007556700205959965,0.005681723801818528,0.005681723801818528
2021-01-11,-0.007832172984289556,-0.006763550608087421,-0.006763550608087421
2021-01-12,0.0020759283787874553,0.00021101778250542935,0.00021101778250542935
2021-01-13,0.006846735443459046,0.00268920589966104,0.00268920589966104
2021-01-14,-0.0017792418663721517,-0.0035081700843013763,-0.0035081700843013763
2021-01-15,-0.01335500039836089,-0.0073192373294235225,-0.0073192373294235225
2021-01-19,0.007872147833443668,0.007821363242269896,0.007821363242269896
2021-01-20,0.021320840574396295,0.013743735410974622,0.013743735410974622
2021-01-21,0.003928307845622462,0.0009111784457935812,0.0009111784457935812
2021-01-22,-0.004813505800637694,-0.003545710122792478,-0.003545710122792478
2021-01-25,-0.0027730220320333577,0.003936044155553375,0.003936044155553375
2021-01-26,-0.006829638396868213,-0.0015621680004045402,-0.0015621680004045402
2021-01-27,-0.04010017602403084,-0.024744011970939006,-0.024744011970939006
2021-01-28,0.018264226003114725,0.008563534735418266,0.008563534735418266
2021-01-29,-0.01808456130339904,-0.020222607812597104,-0.020222607812597104
2021-02-01,-0.00543521145243675,0.016508306087192004,0.016508306087192004
2021-02-02,-0.015476132581905055,0.014041178052924153,0.014041178052924153
2021-02-03,-0.010092017015379984,0.0007861834726519135,0.0007861834726519135
2021-02-04,0.011701965091864497,0.01130158299050077,0.01130158299050077
2021-02-05,0.011868626009376548,0.003928047715131555,0.003928047715131555
2021-02-08,0.019043014238946387,0.0071960125190022595,0.0071960125190022595
2021-02-09,-0.0022569329166447494,-0.0006659748369717278,-0.0006659748369717278
2021-02-10,0.009841218365769011,-0.0004358328593578875,-0.0004358328593578875
2021-02-11,-0.004755080243737719,0.0016138383656478794,0.0016138383656478794
2021-02-12,0.03779637398946156,0.004927601178453145,0.004927601178453145
2021-02-16,-0.014613893054824967,-0.0008663838116360623,-0.0008663838116360623
2021-02-17,0.0023051614132634235,0.00022939081957495944,0.00022939081957495944
2021-02-18,-0.01536153132160678,-0.004265050277864724,-0.004265050277864724
2021-02-19,-0.0050834568609642306,-0.0017675656391649142,-0.0017675656391649142
2021-02-22,-0.009501417066738016,-0.007721534380520367,-0.007721534380520367
2021-02-23,-0.00689547034432747,0.001213653268752779,0.001213653268752779
2021-02-24,0.007763860945713241,0.010959063144134973,0.010959063144134973
2021-02-25,-0.015490410640953356,-0.02439070613624228,-0.02439070613624228
2021-02-26,-0.007830168028370332,-0.0051659942757575905,-0.0051659942757575905
2021-03-01,0.019486551641469826,0.02395109047663624,0.02395109047663624
2021-03-02,-0.009539922240981338,-0.007833736003122205,-0.007833736003122205
2021-03-03,-0.02514745760046233,-0.013334228276287163,-0.013334228276287163
2021-03-04,-0.017539607276988785,-0.012452080413359212,-0.012452080413359212
2021-03-05,0.014759219314483358,0.01822933304907437,0.01822933304907437
2021-03-08,-0.01430299110319765,-0.004991135808978697,-0.004991135808978697
2021-03-09,0.022285846804044364,0.014176552535769105,0.014176552535769105
2021-03-10,0.0026128038944931583,0.006205294916903803,0.006205294916903803
2021-03-11,0.015668453411892592,0.010087980334299473,0.010087980334299473
2021-03-12,-0.004059356798809967,0.0013460003370528995,0.0013460003370528995
2021-03-15,0.012185567012283691,0.005945672931755297,0.005945672931755297
2021-03-16,0.0006897685925973021,-0.001261942413358419,-0.001261942413358419
2021-03-17,-0.003705882353996092,0.003403998029264166,0.003403998029264166
2021-03-18,-0.016276860568867138,-0.01465637109177731,-0.01465637109177731
2021-03-19,0.010787818227322589,-0.0018521416546954939,-0.0018521416546954939
2021-03-22,0.017856388877576002,0.00795336501547439,0.00795336501547439
2021-03-23,-0.0010540146504717685,-0.007902010893398703,-0.007902010893398703
2021-03-24,-0.012423220936494728,-0.005096484375935795,-0.005096484375935795
2021-03-25,0.0015456155179631107,0.005609799000215077,0.005609799000215077
2021-03-26,0.024719409171015082,0.01598656767623652,0.01598656767623652
2021-03-29,0.00366290118168313,-0.0005053323675880961,-0.0005053323675880961
2021-03-30,-0.010754724809443826,-0.0026564071134149714,-0.0026564071134149714
2021-03-31,0.0036754459155897813,0.0040451161288723725,0.0040451161288723725
2021-04-01,0.009615806332976491,0.010741260175747946,0.010741260175747946
2021-04-05,0.01127178734784035,0.01425098929726154,0.01425098929726154
2021-04-06,0.007935355065239727,-0.0005906838852185459,-0.0005906838852185459
2021-04-07,-0.00321012163718073,0.0011566177345692097,0.0011566177345692097
2021-04-08,0.011260667700697044,0.004735435023182077,0.004735435023182077
2021-04-09,0.006115222855090392,0.0072438816397930594,0.0072438816397930594
2021-04-12,0.001492421848534758,0.00036461331979609213,0.00036461331979609213
2021-04-13,0.011788663429064816,0.0029592694239140016,0.0029592694239140016
2021-04-14,-0.00943554235017983,-0.0034210272179064916,-0.0034210272179064916
2021-04-15,0.013552285241081248,0.010685230303945303,0.010685230303945303
2021-04-16,-0.0025237272716169034,0.003336869840058654,0.003336869840058654
2021-04-19,-0.004035792104423029,-0.004925240693797406,-0.004925240693797406
2021-04-20,-0.013765101639787858,-0.007348466723414937,-0.007348466723414937
2021-04-21,0.008505768206754045,0.00941761113568873,0.00941761113568873
2021-04-22,-0.011113900304061083,-0.009174998973720427,-0.009174998973720427
2021-04-23,0.010299298707128226,0.010783896857115671,0.010783896857115671
2021-04-26,0.00797647726273518,0.0020855422592243045,0.0020855422592243045
2021-04-27,-0.007876004351703542,-0.0002155940616637153,-0.0002155940616637153
2021-04-28,-0.001442762000358878,-0.0002874040966682756,-0.0002874040966682756
2021-04-29,-0.0016256013436889828,0.006352489638163483,0.006352489638163483
2021-04-30,-0.0004375655247505848,-0.006592043465735387,-0.006592043465735387
2021-05-03,0.017605377713740388,0.0021544536247635193,0.0021544536247635193
2021-05-04,0.0009342104669033109,-0.006188464899096857,-0.006188464899096857
2021-05-05,0.009881083624400584,0.00031288151814745646,0.00031288151814745646
2021-05-06,0.012960699263995087,0.00795377599335989,0.00795377599335989
2021-05-07,0.011670737981313862,0.007251489263226496,0.007251489263226496
2021-05-10,-0.005146155383003192,-0.009951646921050106,-0.009951646921050106
2021-05-11,-0.010098693670292994,-0.00896484716248569,-0.00896484716248569
2021-05-12,-0.023137780474822633,-0.021474076834546274,-0.021474076834546274
2021-05-13,0.014099955016670471,0.01194088865545151,0.01194088865545151
2021-05-14,0.010701309577080789,0.015238742475780498,0.015238742475780498
2021-05-17,0.001304839519832362,-0.002547863407931672,-0.002547863407931672
2021-05-18,-0.007099564429557464,-0.008653101645283101,-0.008653101645283101
2021-05-19,-0.012374012786184729,-0.0026251264467775925,-0.0026251264467775925
2021-05-20,0.006954952721885448,0.010700492852419252,0.010700492852419252
2021-05-21,-0.0003612263244662131,-0.0008189853367133182,-0.0008189853367133182
2021-05-24,0.004686289264550818,0.010142576652358848,0.010142576652358848
2021-05-25,-0.004703720606037779,-0.0022211581842697115,-0.0022211581842697115
2021-05-26,0.004463543470176487,0.0019826160398208614,0.0019826160398208614
2021-05-27,0.004961527961088366,0.0005248086366886895,0.0005248086366886895
2021-05-28,-0.000614834928526165,0.0017870463479683352,0.0017870463479683352
2021-06-01,0.003105143414197717,-0.0008811518164302257,-0.0008811518164302257
2021-06-02,0.0026414357107474285,0.0015712767273639017,0.0015712767273639017
2021-06-03,0.009988712930003066,-0.003718175739984453,-0.003718175739984453
2021-06-04,0.0036775768152586008,0.009104340744059414,0.009104340744059414
2021-06-07,-0.00136326135552435,-0.000970710869301783,-0.000970710869301783
2021-06-08,-0.0022922850227829585,0.00021313422008617522,0.00021313422008617522
2021-06-09,-0.014588574122595257,-0.0014929697896048921,-0.0014929697896048921
2021-06-10,-0.003625803939957018,0.004637627533032429,0.004637627533032429
2021-06-11,0.006600967458073304,0.0016510327878460629,0.0016510327878460629
2021-06-14,-0.0077442716065849295,0.0022364536897789833,0.0022364536897789833
2021-06-15,0.0018965728024611223,-0.00183588251459188,-0.00183588251459188
2021-06-16,-0.005428951084216711,-0.005598995526582939,-0.005598995526582939
2021-06-17,-0.009895173468382902,-0.0003316785852458537,-0.0003316785852458537
2021-06-18,-0.01522444811516727,-0.013582119445786134,-0.013582119445786134
2021-06-21,0.018638584907182336,0.014214413843767204,0.014214413843767204
2021-06-22,0.006745477725861678,0.00533201559406038,0.00533201559406038
2021-06-23,0.0034318319608850427,-0.0012060548556505069,-0.0012060548556505069
2021-06-24,0.008552389561721337,0.005898279881505708,0.005898279881505708
2021-06-25,-0.0009091573241412272,0.0035457891909436157,0.0035457891909436157
2021-06-28,0.0006368955120269248,0.002013797848313459,0.002013797848313459
2021-06-29,0.004683516572026626,0.000537869995945961,0.000537869995945961
2021-06-30,0.001577745370190279,0.0008412870090301894,0.0008412870090301894
2021-07-01,0.0010743692770133467,0.00552139722157019,0.00552139722157019
2021-07-02,0.003522971993530175,0.007614524799834044,0.007614524799834044
2021-07-06,-0.010635224809112082,-0.0018230104037195716,-0.0018230104037195716
2021-07-07,-0.003416041799773682,0.003527806602550143,0.003527806602550143
2021-07-08,-0.008629858232576169,-0.008181456764071449,-0.008181456764071449
2021-07-09,0.015089437369168037,0.010618160165358326,0.010618160165358326
2021-07-12,0.00860033693659108,0.0035755405647819316,0.0035755405647819316
2021-07-13,-0.005897650345192908,-0.0034148617663749548,-0.0034148617663749548
2021-07-14,-0.0036702603840653605,0.0014911594431508135,0.0014911594431508135
2021-07-15,-0.005346113013274939,-0.0034212298104039363,-0.0034212298104039363
2021-07-16,-0.01352044703479746,-0.007874506834024686,-0.007874506834024686
2021-07-19,-0.012610888510508608,-0.014878312166623608,-0.014878312166623608
2021-07-20,0.015568801962572178,0.014228885291479365,0.014228885291479365
2021-07-21,0.013219789573737591,0.008063718522921981,0.008063718522921981
2021-07-22,-0.0019748462375443815,0.0020919031116024556,0.0020919031116024556
2021-07-23,0.004030596964875962,0.010235525389187927,0.010235525389187927
2021-07-26,0.005900064336826835,0.002451594493686038,0.002451594493686038
2021-07-27,-0.014833995130654911,-0.004567801410948036,-0.004567801410948036
2021-07-28,-0.0006818728190106382,-0.00041024367684627805,-0.00041024367684627805
2021-07-29,0.01220191821051057,0.004138904884353423,0.004138904884353423
2021-07-30,-0.0038883019883965736,-0.004868313511553701,-0.004868313511553701
2021-08-02,-0.007108283535564858,-0.0021002989649305803,-0.0021002989649305803
2021-08-03,0.008661716464495685,0.008102661368158515,0.008102661368158515
2021-08-04,-0.020969109227743806,-0.004931084392798546,-0.004931084392798546
2021-08-05,0.008130603710045871,0.006312848835850815,0.006312848835850815
2021-08-06,0.01188299788354781,0.0016511599397901477,0.0016511599397901477
2021-08-09,-0.005775655199063058,-0.000814055631909838,-0.000814055631909838
2021-08-10,0.011320123656888392,0.0012433177044970378,0.0012433177044970378
2021-08-11,0.00574108182895114,0.0024818646351656426,0.0024818646351656426
2021-08-12,-0.00059686149635642,0.002992404056889164,0.002992404056889164
2021-08-13,-0.005924018123317564,0.0018181643389381108,0.0018181643389381108
2021-08-16,-0.006815787129699762,0.0023517471035683357,0.0023517471035683357
2021-08-17,-0.017684223389911716,-0.006576680128275392,-0.006576680128275392
2021-08-18,-0.007312755970176611,-0.011005343250913846,-0.011005343250913846
2021-08-19,-0.013208273566319975,0.0015471492284406807,0.0015471492284406807
2021-08-20,0.003569956112706107,0.00792562021340526,0.00792562021340526
2021-08-23,0.009950233660751694,0.008757894929652288,0.008757894929652288
2021-08-24,0.011596427442063637,0.001586227117139849,0.001586227117139849
2021-08-25,0.0034232747188123404,0.0020963771112789686,0.0020963771112789686
2021-08-26,-0.009491116627466005,-0.005920811056447484,-0.005920811056447484
2021-08-27,0.019140554706954794,0.008901384979073335,0.008901384979073335
2021-08-30,-0.0065135866716648,0.004387723372338392,0.004387723372338392
2021-08-31,-0.0017359958110709887,-0.0014826167719750316,-0.0014826167719750316
2021-09-01,0.0020138257117888834,0.0005312817231333256,0.0005312817231333256
2021-09-02,0.006562331190712613,0.003071907658541484,0.003071907658541484
2021-09-03,-0.0013736861944808254,-0.00024285922650069125,-0.00024285922650069125
2021-09-07,-0.005381817241833417,-0.0035817399185074095,-0.0035817399185074095
2021-09-08,-0.004034819827979956,-0.0012191227999736043,-0.0012191227999736043
2021-09-09,-0.004624646068447552,-0.004289402710585755,-0.004289402710585755
2021-09-10,-0.005244380546770158,-0.007915819276389513,-0.007915819276389513
2021-09-13,-0.0004672216791240518,0.0025560087924585417,0.0025560087924585417
2021-09-14,-0.00835030477570282,-0.005411099631973393,-0.005411099631973393
2021-09-15,0.007327582026222488,0.008317966553229361,0.008317966553229361
2021-09-16,-0.0017669231482564673,-0.0015864750690255391,-0.0015864750690255391
2021-09-17,-0.007973725002050375,-0.009788715408714843,-0.009788715408714843
2021-09-20,-0.018528025377156268,-0.01681487305923568,-0.01681487305923568
2021-09-21,-0.0022632842714897083,-0.000945068040113739,-0.000945068040113739
2021-09-22,0.010876226000334482,0.009707480808410551,0.009707480808410551
2021-09-23,0.013296015697334632,0.012076783068314612,0.012076783068314612
2021-09-24,-0.0015069550227734601,0.0016458178208242913,0.0016458178208242913
2021-09-27,-0.0010399172833372014,-0.002864919647244335,-0.002864919647244335
2021-09-28,-0.02396067534722304,-0.02035767598438465,-0.02035767598438465
2021-09-29,-0.0009317842544966299,0.0016816849806424727,0.0016816849806424727
2021-09-30,-0.01734715472240333,-0.01229754646160064,-0.01229754646160064
2021-10-01,0.006941515159712966,0.011814037845462089,0.011814037845462089
2021-10-04,-0.01070280878488528,-0.012979876907867727,-0.012979876907867727
2021-10-05,0.011691961199850446,0.010351153861131834,0.010351153861131834
2021-10-06,0.004952875624202357,0.004147348194995182,0.004147348194995182
2021-10-07,0.008011302963090616,0.008608611991936854,0.008608611991936854
2021-10-08,-0.0007809897977305308,-0.0018254187622099849,-0.0018254187622099849
2021-10-11,-0.006304046225413596,-0.00726598344677587,-0.00726598344677587
2021-10-12,-7.119505385903378e-06,-0.002464740230784024,-0.002464740230784024
2021-10-13,0.012103237782547304,0.0035912755792466555,0.0035912755792466555
2021-10-14,0.018379683334472766,0.01668073323763597,0.01668073323763597
2021-10-15,0.00878250119692958,0.007586917375567381,0.007586917375567381
2021-10-18,-0.0007299751794960802,0.0029561134275430945,0.0029561134275430945
2021-10-19,0.0018139790273397091,0.0076853224076884885,0.0076853224076884885
2021-10-20,0.00392618013122396,0.003919972084603707,0.003919972084603707
2021-10-21,0.010416378549336287,0.002604850336126674,0.002604850336126674
2021-10-22,0.0036865641585256633,-0.0010367192988933738,-0.0010367192988933738
2021-10-25,0.007581336733984303,0.005348504036366997,0.005348504036366997
2021-10-26,0.00393042845145165,0.0008996141319892459,0.0008996141319892459
2021-10-27,-0.010785118330979516,-0.004439992971358997,-0.004439992971358997
2021-10-28,0.0047202623833958665,0.009602590441426528,0.009602590441426528
2021-10-29,0.001088820362929505,0.002027068086776218,0.002027068086776218
2021-11-01,0.005851121929349791,0.0017187700507745873,0.0017187700507745873
2021-11-02,1.6435876940774094e-05,0.004034923588433159,0.004034923588433159
2021-11-03,0.011729621837332784,0.006086611664303021,0.006086611664303021
2021-11-04,0.007663489394487836,0.004701475742150407,0.004701475742150407
2021-11-05,-0.007998515731987116,0.0034635113406364937,0.0034635113406364937
2021-11-08,0.0030854890989939735,0.0008534118910201727,0.0008534118910201727
2021-11-09,-0.01302075844093161,-0.0033108076608785453,-0.0033108076608785453
2021-11-10,-0.006166328936696467,-0.008077343332610454,-0.008077343332610454
2021-11-11,0.0033956132039420724,0.0003233766822088313,0.0003233766822088313
2021-11-12,0.0040386964006865625,0.00751855761496234,0.00751855761496234
2021-11-15,-0.0015869334482109076,0.00034227807517162034,0.00034227807517162034
2021-11-16,0.011786858646263065,0.003950119128058205,0.003950119128058205
2021-11-17,-0.000741390426031737,-0.0024321362816523973,-0.0024321362816523973
2021-11-18,0.0007166524077761359,0.0033905977240644702,0.0033905977240644702
2021-11-19,0.007249413515249426,-0.0017898762519044098,-0.0017898762519044098
2021-11-22,0.003201456813962659,-0.002819045234284445,-0.002819045234284445
2021-11-23,0.0008658359679491167,0.001324951823235665,0.001324951823235665
2021-11-24,0.004150079309986449,0.0026663205007295687,0.0026663205007295687
2021-11-26,-0.02408286947312055,-0.022555623398406333,-0.022555623398406333
2021-11-29,0.015674859208355072,0.012192053967195804,0.012192053967195804
2021-11-30,-0.0231436901884745,-0.01964935269800705,-0.01964935269800705
2021-12-01,-0.010657828854324548,-0.011169510325173881,-0.011169510325173881
2021-12-02,0.007347721828815817,0.015200309616196783,0.015200309616196783
2021-12-03,-0.004779622195527786,-0.008739381047647932,-0.008739381047647932
2021-12-06,-0.005654094243468987,0.011773770452276011,0.011773770452276011
2021-12-07,0.03051283024515849,0.02047371961359623,0.02047371961359623
2021-12-08,-0.000136143941386367,0.00264454464096886,0.00264454464096886
2021-12-09,-0.00820233912035976,-0.006774505564835387,-0.006774505564835387
2021-12-10,0.0062420388550613,0.009369456670877518,0.009369456670877518
2021-12-13,-0.0028367070058206937,-0.00889776554584909,-0.00889776554584909
2021-12-14,-0.009570084754037316,-0.006903873053547116,-0.006903873053547116
2021-12-15,0.016911394808134646,0.01550426626106205,0.01550426626106205
2021-12-16,-0.010394847141455204,-0.008857682481891338,-0.008857682481891338
2021-12-17,-0.0065413713438302575,-0.010700055287931498,-0.010700055287931498
2021-12-20,-0.014068050448414048,-0.010690251585744548,-0.010690251585744548
2021-12-21,0.01058313661715238,0.017603235724643618,0.017603235724643618
2021-12-22,0.005617984011425176,0.009948932656091536,0.009948932656091536
2021-12-23,0.003203658095507064,0.00620287198951619,0.00620287198951619
2021-12-27,0.014328454048957487,0.014052883318860232,0.014052883318860232
2021-12-28,-0.0022620814567615452,-0.0008174832709340052,-0.0008174832709340052
2021-12-29,0.007488260410544008,0.0012784294058105772,0.0012784294058105772
2021-12-30,-0.0032800453980377686,-0.002768340310571382,-0.002768340310571382
2021-12-31,-0.0006346333797352916,-0.0025233708087935014,-0.0025233708087935014
2022-01-03,-0.00629206003712231,0.005773271439452721,0.005773271439452721
2022-01-04,0.007560130233227011,-0.00033512298813054286,-0.00033512298813054286
2022-01-05,-0.012327391650239057,-0.019388881368042732,-0.019388881368042732
2022-01-06,0.0010405794420703736,-0.000939826781271691,-0.000939826781271691
2022-01-07,-0.004647332782649141,-0.003961337026312073,-0.003961337026312073
2022-01-10,-0.005261749970618777,-0.00124509941174189,-0.00124509941174189
2022-01-11,0.006156134641126218,0.009067094683602228,0.009067094683602228
2022-01-12,0.00037246913883724156,0.0026998561857158876,0.0026998561857158876
2022-01-13,-0.011050387155584363,-0.013874530378394034,-0.013874530378394034
2022-01-14,-0.007050980447184301,0.00040894509508060395,0.00040894509508060395
2022-01-18,-0.015082459871010147,-0.017868184372470175,-0.017868184372470175
2022-01-19,-0.015263638323830205,-0.010437826841192432,-0.010437826841192432
2022-01-20,-0.014580847415512592,-0.011129866849418413,-0.011129866849418413
2022-01-21,-0.01547317356856927,-0.01982576682618742,-0.01982576682618742
2022-01-24,0.0038291768019758977,0.004237663776945233,0.004237663776945233
2022-01-25,-0.009833982126151077,-0.01228407742462867,-0.01228407742462867
2022-01-26,-0.003411137637668062,-0.0025119029238807045,-0.0025119029238807045
2022-01-27,-0.008450203745990283,-0.0049502358409458935,-0.0049502358409458935
2022-01-28,0.019040818929733732,0.024531937283241767,0.024531937283241767
2022-01-31,0.008256108380419928,0.017850835813161048,0.017850835813161048
2022-02-01,0.013794958744687405,0.0067342576154025835,0.0067342576154025835
2022-02-02,0.008391814564295032,0.009667051209953037,0.009667051209953037
2022-02-03,-0.005602593462771781,-0.02378548421454596,-0.02378548421454596
2022-02-04,0.001595864165587563,0.004691138822217944,0.004691138822217944
2022-02-07,0.008641879563165256,-0.00321439813129043,-0.00321439813129043
2022-02-08,-0.00380259576028824,0.008194094848150257,0.008194094848150257
2022-02-09,-0.0018246397275574796,0.014530150141362164,0.014530150141362164
2022-02-10,-0.00506028569621661,-0.018128927817998353,-0.018128927817998353
2022-02-11,0.007827258783884326,-0.019915866035730367,-0.019915866035730367
2022-02-14,-0.006988481591200351,-0.003274630966817682,-0.003274630966817682
2022-02-15,-0.0018597718869151874,0.01599831740656299,0.01599831740656299
2022-02-16,0.0058736739564350104,0.0011201217335434777,0.0011201217335434777
2022-02-17,-0.0015384455637994573,-0.0215929388587055,-0.0215929388587055
2022-02-18,-0.005300897763925557,-0.006496076147874064,-0.006496076147874064
2022-02-22,-0.008791784522727645,-0.010789670668144957,-0.010789670668144957
2022-02-23,0.0007577345736302081,-0.0178977729544183,-0.0178977729544183
2022-02-24,-0.014341761370083061,0.014936943074983056,0.014936943074983056
2022-02-25,0.028502398482876168,0.02182407139777709,0.02182407139777709
2022-02-28,0.0038506364603598246,-0.0025617737415943864,-0.0025617737415943864
2022-03-01,-0.007628478324268725,-0.015347368631320357,-0.015347368631320357
2022-03-02,0.019143615003375632,0.018229002005588413,0.018229002005588413
2022-03-03,-0.0002309096096546685,-0.004990963568321405,-0.004990963568321405
2022-03-04,0.005416935361192139,-0.008157784607589313,-0.008157784607589313
2022-03-07,-0.015517265723406018,-0.029922332971241694,-0.029922332971241694
2022-03-08,-0.012004017988540613,-0.007610710516660291,-0.007610710516660291
2022-03-09,0.013231058214918776,0.02645773826081399,0.02645773826081399
2022-03-10,0.002808305295539787,-0.0045258017647471505,-0.0045258017647471505
2022-03-11,-0.007596566867768004,-0.012796566342510474,-0.012796566342510474
2022-03-14,-0.0023478633293826648,-0.007335159720980755,-0.007335159720980755
2022-03-15,0.01940155677832823,0.02175211953416767,0.02175211953416767
2022-03-16,0.008806338850178782,0.02193196019802368,0.02193196019802368
2022-03-17,0.01279308713423691,0.012433242377729137,0.012433242377729137
2022-03-18,0.0007370351619939135,0.010893298690060504,0.010893298690060504
2022-03-21,0.0028807453954172754,-0.0002924997286166686,-0.0002924997286166686
2022-03-22,0.0008884725818770994,0.011633555562413633,0.011633555562413633
2022-03-23,-0.009932539991520788,-0.01296210890069549,-0.01296210890069549
2022-03-24,0.014524915151966555,0.0149618111426566,0.0149618111426566
2022-03-25,0.004469852206083259,0.004871769818627136,0.004871769818627136
2022-03-28,0.004703393672777515,0.007087801009298289,0.007087801009298289
2022-03-29,0.0038822386200680647,0.012294970876436828,0.012294970876436828
2022-03-30,0.0015318420628870574,-0.006193899237946887,-0.006193899237946887
2022-03-31,-0.012010836482511297,-0.01551104509024448,-0.01551104509024448
2022-04-01,6.543698003041705e-05,0.002830187589585087,0.002830187589585087
2022-04-04,0.0006785523525322857,0.008530082977764586,0.008530082977764586
2022-04-05,-0.00741405115854071,-0.012711810121463607,-0.012711810121463607
2022-04-06,-0.008876341991281246,-0.010049715883054589,-0.010049715883054589
2022-04-07,0.0016635373946066508,0.005026397219239698,0.005026397219239698
2022-04-08,0.015721638516543963,-0.002677488585577592,-0.002677488585577592
2022-04-11,-0.005141340858739362,-0.01724018376964498,-0.01724018376964498
2022-04-12,-0.005999155794316221,-0.003712020108824099,-0.003712020108824099
2022-04-13,0.0029087209554108685,0.011388346109160175,0.011388346109160175
2022-04-14,-0.00991263935325059,-0.012529765337315979,-0.012529765337315979
2022-04-18,0.0061121324879676465,0.0004110036941389339,0.0004110036941389339
2022-04-19,0.019181198753643415,0.016013754867636898,0.016013754867636898
2022-04-20,0.014089878016914076,-0.0007417766249293578,-0.0007417766249293578
2022-04-21,-0.014052934283058129,-0.0150665397247991,-0.0150665397247991
2022-04-22,-0.036927057863143035,-0.02782265226619529,-0.02782265226619529
2022-04-25,0.0011522173630383894,0.005780821497465283,0.005780821497465283
2022-04-26,-0.01993770034628101,-0.029388409141016147,-0.029388409141016147
2022-04-27,-0.003884773906922428,0.002807866985616414,0.002807866985616414
2022-04-28,0.014100236295829014,0.02494568058623159,0.02494568058623159
2022-04-29,-0.0382241302151235,-0.037655789037293275,-0.037655789037293275
2022-05-02,0.012961516405376539,0.00600123560207777,0.00600123560207777
2022-05-03,0.009280023650604045,0.004573768032789083,0.004573768032789083
2022-05-04,0.03493393003161671,0.029998308653604866,0.029998308653604866
2022-05-05,-0.035703345975897575,-0.03618981164236246,-0.03618981164236246
2022-05-06,-0.00815534015814593,-0.005986716447465845,-0.005986716447465845
2022-05-09,-0.033445065195207846,-0.03254108021355773,-0.03254108021355773
2022-05-10,-0.004538398445674908,0.0023078310290980397,0.0023078310290980397
2022-05-11,-0.018321610000810694,-0.016013555099123167,-0.016013555099123167
2022-05-12,0.0030690218896113407,-0.0010445516082588924,-0.0010445516082588924
2022-05-13,0.026960777967876687,0.023626485140715303,0.023626485140715303
2022-05-16,-0.011179966076310699,-0.0040657187103523285,-0.0040657187103523285
2022-05-17,0.0290587429484732,0.020361697526611877,0.020361697526611877
2022-05-18,-0.03085753652912772,-0.04114670651083596,-0.04114670651083596
2022-05-19,0.0031900532787101756,-0.006143392795634028,-0.006143392795634028
2022-05-20,5.196475721244237e-05,0.00043637934755391683,0.00043637934755391683
2022-05-23,0.02173566184026255,0.018537153191499733,0.018537153191499733
2022-05-24,-0.008044223872780018,-0.007662966419250239,-0.007662966419250239
2022-05-25,0.013352698551188832,0.008796104120848192,0.008796104120848192
2022-05-26,0.022868013096859145,0.01978445888780911,0.01978445888780911
2022-05-27,0.019976050124909408,0.02425246411297799,0.02425246411297799
2022-05-31,0.0022707362744040145,-0.005626614744237202,-0.005626614744237202
2022-06-01,-0.011465177543572147,-0.008121571816811723,-0.008121571816811723
2022-06-02,0.0394432725626962,0.01886450387909111,0.01886450387909111
2022-06-03,-0.0212144280677546,-0.01654777930291651,-0.01654777930291651
2022-06-06,-0.0022502372292566354,0.0030402196294225803,0.0030402196294225803
2022-06-07,0.0106336039787579,0.009546613875069276,0.009546613875069276
2022-06-08,-0.010564161233491997,-0.010931799160549538,-0.010931799160549538
2022-06-09,-0.031615170488457724,-0.02407021071496729,-0.02407021071496729
2022-06-10,-0.033484525327234275,-0.029424386534307345,-0.029424386534307345
2022-06-13,-0.04924692781740514,-0.03870767757743909,-0.03870767757743909
2022-06-14,-0.01080130627581224,-0.00301790614787123,-0.00301790614787123
2022-06-15,0.02219493423588084,0.01415561612585936,0.01415561612585936
2022-06-16,-0.03167824646118909,-0.03365612487467651,-0.03365612487467651
2022-06-17,0.011934295592809875,0.0021534325192043013,0.0021534325192043013
2022-06-21,0.008221839335013437,0.024861876503130986,0.024861876503130986
2022-06-22,0.002126804313629704,-0.00181439516245252,-0.00181439516245252
2022-06-23,0.014403857938721853,0.009754771298540632,0.009754771298540632
2022-06-24,0.03874484795327174,0.0312987509762408,0.0312987509762408
2022-06-27,-0.011576729186971236,-0.0038268283563676064,-0.0038268283563676064
2022-06-28,-0.02163708922569041,-0.02064451516792598,-0.02064451516792598
2022-06-29,-0.015060970307231903,-0.0008147679097412208,-0.0008147679097412208
2022-06-30,-0.014839806829186442,-0.008157476775679129,-0.008157476775679129
2022-07-01,0.007531507060682618,0.010521018374120672,0.010521018374120672
2022-07-05,7.634830224577429e-06,0.0018868847980062498,0.0018868847980062498
2022-07-06,-0.007938587435692805,0.003371464082611908,0.003371464082611908
2022-07-07,0.027906753736577878,0.014866115088132403,0.014866115088132403
2022-07-08,-0.006804802204704215,-0.0008227807437739543,-0.0008227807437739543
2022-07-11,-0.017747883499785927,-0.011489558777403097,-0.011489558777403097
2022-07-12,0.00835205064374965,-0.008888193612076378,-0.008888193612076378
2022-07-13,-0.006360754899116903,-0.005265618038227338,-0.005265618038227338
2022-07-14,-0.011155699114565277,-0.002431354413020337,-0.002431354413020337
2022-07-15,0.02679491560032786,0.0189249692643374,0.0189249692643374
2022-07-18,0.005811403394559532,-0.008291307038613027,-0.008291307038613027
2022-07-19,0.03741807795405827,0.0266605946385452,0.0266605946385452
2022-07-20,0.013411655461055284,0.006353009903632412,0.006353009903632412
2022-07-21,-0.0013466330675896052,0.010131587933130959,0.010131587933130959
2022-07-22,-0.014647565599895858,-0.009321436481191547,-0.009321436481191547
2022-07-25,-0.0003352927113599517,0.0012143138732243486,0.0012143138732243486
2022-07-26,-0.010713820722740346,-0.01190159523425649,-0.01190159523425649
2022-07-27,0.023323012625243167,0.02563504586899068,0.02563504586899068
2022-07-28,0.014030618533446497,0.012464295260644853,0.012464295260644853
2022-07-29,0.012476583750014826,0.014473460144193595,0.014473460144193595
2022-08-01,-0.003545148038283287,-0.0029655466818487852,-0.0029655466818487852
2022-08-02,0.0009877950293103294,-0.00661916517498895,-0.00661916517498895
2022-08-03,0.02019591349316041,0.015538113381037277,0.015538113381037277
2022-08-04,-0.003304985446977897,-0.0006758553579881976,-0.0006758553579881976
2022-08-05,-0.0015614252577359645,-0.001691563931326634,-0.001691563931326634
2022-08-08,0.006031050191991254,-0.0011616374220873027,-0.0011616374220873027
2022-08-09,-0.00834900427069694,-0.003978912348416408,-0.003978912348416408
2022-08-10,0.02159284370035294,0.02078650234961632,0.02078650234961632
2022-08-11,0.0028595428775524756,0.0,0.0
2022-08-12,0.01258818549296024,0.016787208441195745,0.016787208441195745
2022-08-15,0.005960857559188768,0.0041123288723623475,0.0041123288723623475
2022-08-16,0.005143532523795116,0.001956788011776567,0.001956788011776567
2022-08-17,-0.016522393410569443,-0.007123414396821737,-0.007123414396821737
2022-08-18,-0.0018619758930141935,0.0029022898050632406,0.0029022898050632406
2022-08-19,-0.01211558156784674,-0.013529137904259692,-0.013529137904259692
2022-08-22,-0.019217105178178207,-0.021042373887528498,-0.021042373887528498
2022-08-23,-0.0010881252711220882,-0.002422155104138568,-0.002422155104138568
2022-08-24,0.003360317728716509,0.003196055650447782,0.003196055650447782
2022-08-25,0.013193502325355733,0.01401889138121426,0.01401889138121426
2022-08-26,-0.027769589713047816,-0.03443524219225491,-0.03443524219225491
2022-08-29,-0.0055076396614185865,-0.0066341166031334,-0.0066341166031334
2022-08-30,-0.012959772911089611,-0.011038591059709724,-0.011038591059709724
2022-08-31,-0.0054635670207012765,-0.007638204369327717,-0.007638204369327717
2022-09-01,-0.01393120316371457,0.003132971755452907,0.003132971755452907
2022-09-02,0.008517844121697978,-0.010600399072530742,-0.010600399072530742
2022-09-06,-0.008551896910227634,-0.0037803612867728376,-0.0037803612867728376
2022-09-07,-0.00043789078497745817,0.01780560316612867,0.01780560316612867
2022-09-08,0.006249279206116843,0.00651501160566248,0.00651501160566248
2022-09-09,0.020200827288268056,0.015415858391220283,0.015415858391220283
2022-09-12,0.012516647184304553,0.010690226933921743,0.010690226933921743
2022-09-13,-0.027391910692420095,-0.04445617654965339,-0.04445617654965339
2022-09-14,0.021103644222166644,0.0038085880166924824,0.0038085880166924824
2022-09-15,-0.01588218108366791,-0.011418208063635582,-0.011418208063635582
2022-09-16,-0.01357552636679325,-0.007658122384512467,-0.007658122384512467
2022-09-19,0.003906384216890513,0.007724929773947231,0.007724929773947231
2022-09-20,-0.009723909920981988,-0.011544939024384249,-0.011544939024384249
2022-09-21,-0.015619178309392093,-0.017597663992177992,-0.017597663992177992
2022-09-22,-0.007600449387845008,-0.008435297245546813,-0.008435297245546813
2022-09-23,-0.05062317349668271,-0.01689685230911664,-0.01689685230911664
2022-09-26,-0.018048209988259966,-0.009941753799630249,-0.009941753799630249
2022-09-27,0.0073299564291510995,-0.0025560522438894395,-0.0025560522438894395
2022-09-28,0.04052405490095982,0.019485235219092623,0.019485235219092623
2022-09-29,-0.007227158603347705,-0.02111023079242358,-0.02111023079242358
2022-09-30,-0.011238008503764852,-0.015584413909027539,-0.015584413909027539
2022-10-03,0.026040244181796145,0.02605877271298862,0.02605877271298862
2022-10-04,0.04238320789610685,0.03051625672620606,0.03051625672620606
2022-10-05,-0.0012414983920199089,-0.0023309169105623084,-0.0023309169105623084
2022-10-06,-0.009697474817380227,-0.010369311735217934,-0.010369311735217934
2022-10-07,-0.029909245286997066,-0.028290386884386898,-0.028290386884386898
2022-10-10,-0.01191521601817701,-0.007664673672355349,-0.007664673672355349
2022-10-11,-0.005746806124915259,-0.0063531080176737476,-0.0063531080176737476
2022-10-12,0.004581717830599218,-0.003304001162372394,-0.003304001162372394
2022-10-13,0.023503155124948473,0.026048902493530868,0.026048902493530868
2022-10-14,-0.02202420558994604,-0.0230523224648973,-0.0230523224648973
2022-10-17,0.025450288571031494,0.02537227487912741,0.02537227487912741
2022-10-18,0.016847597400195674,0.01168107298989618,0.01168107298989618
2022-10-19,-0.005860857508488201,-0.007111728036269582,-0.007111728036269582
2022-10-20,-0.007160472684926114,-0.008420586705712552,-0.008420586705712552
2022-10-21,0.027515964414138644,0.024010854219789657,0.024010854219789657
2022-10-24,0.012031679060028723,0.01216216822464844,0.01216216822464844
2022-10-25,0.0194184583479913,0.015842560389136118,0.015842560389136118
2022-10-26,-0.004777623045257846,-0.0075627463220380164,-0.0075627463220380164
2022-10-27,-0.00965571350933259,-0.0053542647179734,-0.0053542647179734
2022-10-28,0.02211825444194397,0.02351220302798218,0.02351220302798218
2022-10-31,-0.005916561739640506,-0.007249655578266179,-0.007249655578266179
2022-11-01,-0.003081788980652352,-0.00438541916672186,-0.00438541916672186
2022-11-02,-0.01178197531297574,-0.02541655541348664,-0.02541655541348664
2022-11-03,0.007054731424017181,-0.010350169872078041,-0.010350169872078041
2022-11-04,0.004554133099427672,0.014290578868187076,0.014290578868187076
2022-11-07,0.01301921607200332,0.00952013693675724,0.00952013693675724
2022-11-08,0.006369682310068768,0.00538092143587221,0.00538092143587221
2022-11-09,-0.018004254909348275,-0.020817260194120557,-0.020817260194120557
2022-11-10,0.012046326464924286,0.053497197968492394,0.053497197968492394
2022-11-11,-0.02197770845999781,0.009632089252784581,0.009632089252784581
2022-11-14,-4.138163045105638e-05,-0.00854320787140228,-0.00854320787140228
2022-11-15,0.0045044426237761705,0.008492988250366373,0.008492988250366373
2022-11-16,-0.0013111233625078796,-0.007658057944995633,-0.007658057944995633
2022-11-17,0.009308777141841237,-0.0030645620719171873,-0.0030645620719171873
2022-11-18,0.004680233895404862,0.0045300661717355695,0.0045300661717355695
2022-11-21,0.0012002625973268721,-0.0036426333249286458,-0.0036426333249286458
2022-11-22,0.009848068333048125,0.013367210342866365,0.013367210342866365
2022-11-23,-0.0007987795555994374,0.0062818568425360155,0.0062818568425360155
2022-11-25,0.00476311697269735,-0.00022369594523752312,-0.00022369594523752312
2022-11-28,-0.012305265341804546,-0.016085745104719607,-0.016085745104719607
2022-11-29,0.003912752237309631,-0.0017190134008018276,-0.0017190134008018276
2022-11-30,0.014934717280981167,0.031014672483347105,0.031014672483347105
2022-12-01,0.0021275575890319642,-0.0007361447663702947,-0.0007361447663702947
2022-12-02,-0.006764101015610979,-0.0011543764632095943,-0.0011543764632095943
2022-12-05,-0.025931667409601566,-0.018153027472807892,-0.018153027472807892
2022-12-06,-0.02792197709043262,-0.014519666168070877,-0.014519666168070877
2022-12-07,-0.002711345539006843,-0.0017026885380531098,-0.0017026885380531098
2022-12-08,0.009866301560536028,0.007803352182169654,0.007803352182169654
2022-12-09,-0.003863859545133158,-0.007498146765316349,-0.007498146765316349
2022-12-12,0.010525872805030284,0.014314233499876927,0.014314233499876927
2022-12-13,0.010159274241113153,0.007541343426034075,0.007541343426034075
2022-12-14,-0.009255804885426405,-0.006414053162304256,-0.006414053162304256
2022-12-15,-0.02651619905784164,-0.02476585214045457,-0.02476585214045457
2022-12-16,-0.013108612576024858,-0.011876360377049977,-0.011876360377049977
2022-12-19,-0.017567025247857554,-0.008515848574817575,-0.008515848574817575
2022-12-20,-0.0015164910553410738,0.0013673924541341975,0.0013673924541341975
2022-12-21,0.014211290979991048,0.014841867147010745,0.014841867147010745
2022-12-22,-0.02329141207674479,-0.014368799015483269,-0.014368799015483269
2022-12-23,0.006718020047813661,0.005735650711605089,0.005735650711605089
2022-12-27,-0.013169351469724255,-0.00395136979285482,-0.00395136979285482
2022-12-28,-0.013004238349671515,-0.012505688514028002,-0.012505688514028002
2022-12-29,0.032833640927824315,0.01784023566677906,0.01784023566677906
2022-12-30,0.00055333251803244,-0.0026374276811642616,-0.0026374276811642616
2023-01-03,-0.00419873398396651,-0.0042189164543771085,-0.0042189164543771085
2023-01-04,0.02468212480581248,0.007690564551117163,0.007690564551117163
2023-01-05,-0.003893256032286796,-0.011479005617101912,-0.011479005617101912
2023-01-06,0.025396881777218678,0.02267319384919997,0.02267319384919997
2023-01-09,0.009427120794350855,-0.0005670514519344749,-0.0005670514519344749
2023-01-10,0.012315428756458005,0.006988316288293106,0.006988316288293106
2023-01-11,0.016592554521763336,0.01256850307469648,0.01256850307469648
2023-01-12,0.012945911101605404,0.0036342048005710836,0.0036342048005710836
2023-01-13,0.003730572982642251,0.003872037688418928,0.003872037688418928
2023-01-17,0.005261533528955198,-0.0018335866398739853,-0.0018335866398739853
2023-01-18,-0.01630944927404861,-0.015914036667207476,-0.015914036667207476
2023-01-19,-0.0059688352355415355,-0.007306454419142128,-0.007306454419142128
2023-01-20,0.02653413944423268,0.018457703644692458,0.018457703644692458
2023-01-23,0.017760349151974164,0.011927190031221002,0.011927190031221002
2023-01-24,-0.004732486999314074,-0.001073863181900947,-0.001073863181900947
2023-01-25,0.0013401173566479074,0.000374694829535116,0.000374694829535116
2023-01-26,0.01341290768387134,0.010930452540620195,0.010930452540620195
2023-01-27,0.011330362638260372,0.002295001942959729,0.002295001942959729
2023-01-30,-0.01912483817656187,-0.012626281031016262,-0.012626281031016262
2023-01-31,0.01931151535190767,0.014596493806412703,0.014596493806412703
2023-02-01,-0.0025099631251252657,0.010571637620802044,0.010571637620802044
2023-02-02,-0.0008727880766073812,0.014452025600541596,0.014452025600541596
2023-02-03,-0.002495090061741804,-0.010686001262626199,-0.010686001262626199
2023-02-06,-0.0011340204311363574,-0.006130054950562958,-0.006130054950562958
2023-02-07,0.003326727315579667,0.01299373185484054,0.01299373185484054
2023-02-08,-0.0024697726716610695,-0.010994938228631845,-0.010994938228631845
2023-02-09,-0.0008802419730746854,-0.008706930514400746,-0.008706930514400746
2023-02-10,0.012762753935041482,0.0023309512916220854,0.0023309512916220854
2023-02-13,0.007827330441828402,0.01167053578906252,0.01167053578906252
2023-02-14,-0.006163254006579699,-0.00046029046101025983,-0.00046029046101025983
2023-02-15,-0.0053577252747691855,0.0032421400089370778,0.0032421400089370778
2023-02-16,-0.009938771125062137,-0.013864500729583007,-0.013864500729583007
2023-02-17,0.009925164991487594,-0.002501337371080936,-0.002501337371080936
2023-02-21,-0.009671181592312865,-0.020264879347998033,-0.020264879347998033
2023-02-22,-0.0021587870020543286,-0.0013790403314333233,-0.0013790403314333233
2023-02-23,-9.638423539202474e-05,0.005305306418126321,0.005305306418126321
2023-02-24,-0.0077598382148846455,-0.010739888044171586,-0.010739888044171586
2023-02-27,-0.0019563196511645665,0.00340007304036849,0.00340007304036849
2023-02-28,-0.010927969716870371,-0.0037027577276314005,-0.0037027577276314005
2023-03-01,0.003953376677889481,-0.003843343797708343,-0.003843343797708343
2023-03-02,0.006015840149478635,0.007747207656468191,0.007747207656468191
2023-03-03,0.015954916934409508,0.015910484916131118,0.015910484916131118
2023-03-06,-0.002467340623365595,0.0006926048828246323,0.0006926048828246323
2023-03-07,-0.013917440539009776,-0.015447474853029775,-0.015447474853029775
2023-03-08,-0.004585181693222095,0.001630780625763606,0.001630780625763606
2023-03-09,-0.015079022322952287,-0.01862206714051151,-0.01862206714051151
2023-03-10,-0.014984292432595215,-0.014534621091354616,-0.014534621091354616
2023-03-13,-0.005917288347586628,-0.0014262526945634235,-0.0014262526945634235
2023-03-14,0.014795470713937784,0.016394848386941163,0.016394848386941163
2023-03-15,-0.017834621523962098,-0.006273892764407485,-0.006273892764407485
2023-03-16,0.012598622176118433,0.017393006488602758,0.017393006488602758
2023-03-17,-0.011558404776266965,-0.011761599168834458,-0.011761599168834458
2023-03-20,0.013879633986582594,0.009569671853017603,0.009569671853017603
2023-03-21,0.010847885868340519,0.01304502182141487,0.01304502182141487
2023-03-22,-0.01596304819182658,-0.017193402324163998,-0.017193402324163998
2023-03-23,0.005314832971523837,0.0026997817098841637,0.0026997817098841637
2023-03-24,0.0008813878094815745,0.006540486603136664,0.006540486603136664
2023-03-27,0.009772476773599983,0.0018681639327109423,0.0018681639327109423
2023-03-28,0.005627539600207058,-0.0022471777719550445,-0.0022471777719550445
2023-03-29,0.010515199737249584,0.014430300819779696,0.014430300819779696
2023-03-30,0.0031337734775866628,0.00583820561698456,0.00583820561698456
2023-03-31,0.015213162627398117,0.01399610527598405,0.01399610527598405
2023-04-03,0.0026215290829963967,0.00380330892582581,0.00380330892582581
2023-04-04,-0.010673103516105311,-0.005563538125544554,-0.005563538125544554
2023-04-05,0.005796614199162813,-0.002621633291123082,-0.002621633291123082
2023-04-06,-0.0005365451910263476,0.003893220651281837,0.003893220651281837
2023-04-10,0.0018964369990963422,0.0010257968776237192,0.0010257968776237192
2023-04-11,-0.0009585541494623714,0.00026858234977211737,0.00026858234977211737
2023-04-12,-0.007917857302665372,-0.0040842819085531445,-0.0040842819085531445
2023-04-13,0.01533527231710513,0.013195220589309997,0.013195220589309997
2023-04-14,-0.0028295506445656466,-0.0024456828205057235,-0.0024456828205057235
2023-04-17,0.0015746378575874015,0.0035818112830661164,0.0035818112830661164
2023-04-18,0.0007994438328056565,0.0006520434652346196,0.0006520434652346196
2023-04-19,-0.0016121497979493951,-0.00016900748531689658,-0.00016900748531689658
2023-04-20,-0.0002514602277058702,-0.005472007191403172,-0.005472007191403172
2023-04-21,0.004262962845673717,0.0007766089501552997,0.0007766089501552997
2023-04-24,0.0027918416926555204,0.0010426194428205804,0.0010426194428205804
2023-04-25,-0.020877609554177817,-0.0160011218928533,-0.0160011218928533
2023-04-26,-0.007605868601249665,-0.004244610067439147,-0.004244610067439147
2023-04-27,0.01107879913805701,0.01971250940370961,0.01971250940370961
2023-04-28,0.011216041182561365,0.008498890054566388,0.008498890054566388
2023-05-01,0.006737843748917705,-0.001010350629478296,-0.001010350629478296
2023-05-02,-0.0021578472307259714,-0.011302772884908663,-0.011302772884908663
2023-05-03,-0.005205291151038159,-0.0068876719313113455,-0.0068876719313113455
2023-05-04,-0.003202713268346243,-0.007108130838227922,-0.007108130838227922
2023-05-05,0.008330083707674853,0.018343258785942673,0.018343258785942673
2023-05-08,-0.0006718366148526063,0.0002665420825076481,0.0002665420825076481
2023-05-09,-0.003692668253468893,-0.004394962853641715,-0.004394962853641715
2023-05-10,0.004188958652233491,0.004661508667846981,0.004661508667846981
2023-05-11,-0.0009559945008307057,-0.0017455390186267294,-0.0017455390186267294
2023-05-12,-0.0008348251102724463,-0.001311175455978919,-0.001311175455978919
2023-05-15,0.0015507086592611667,0.0034441819980299826,0.0034441819980299826
2023-05-16,-0.004716021062821074,-0.006705173769542938,-0.006705173769542938
2023-05-17,0.0004699772626312171,0.012065924451393428,0.012065924451393428
2023-05-18,0.004960021547749363,0.009587151769519409,0.009587151769519409
2023-05-19,0.0013996479610085225,-0.0014561542022049068,-0.0014561542022049068
2023-05-22,-0.011438540355448374,0.0004060797917437853,0.0004060797917437853
2023-05-23,-0.017064679248801146,-0.011286341785257115,-0.011286341785257115
2023-05-24,-0.0023382982947709493,-0.00727110979878276,-0.00727110979878276
2023-05-25,-0.004726337990457651,0.008622533624672357,0.008622533624672357
2023-05-26,0.0020577303798256165,0.012867517023214425,0.012867517023214425
2023-05-30,-0.006646520074382064,0.0003809279664270804,0.0003809279664270804
2023-05-31,0.0009914140852123538,-0.005560642637312263,-0.005560642637312263
2023-06-01,0.010171654925986767,0.009456133987344906,0.009456133987344906
2023-06-02,0.01524600197915276,0.01435759782585233,0.01435759782585233
2023-06-05,-0.003929444727182422,-0.0019180479568943198,-0.0019180479568943198
2023-06-06,0.0015378549389396927,0.002174995336199359,0.002174995336199359
2023-06-07,0.0014455853058003877,-0.0034637000360522308,-0.0034637000360522308
2023-06-08,0.009590824623287324,0.006030412196205148,0.006030412196205148
2023-06-09,0.0025027860681903417,0.0017926143747439838,0.0017926143747439838
2023-06-12,0.012541123187167848,0.009031018581711514,0.009031018581711514
2023-06-13,0.006840675184233118,0.006571279250149331,0.006571279250149331
2023-06-14,0.0017817895421611192,0.0011901974328836218,0.0011901974328836218
2023-06-15,0.01491702812633913,0.012321394657140772,0.012321394657140772
2023-06-16,-0.001846441042020542,-0.0034120386577489725,-0.0034120386577489725
2023-06-20,-0.014886900039011209,-0.00520170429229605,-0.00520170429229605
2023-06-21,-0.0031060937179494858,-0.005136850526739067,-0.005136850526739067
2023-06-22,-0.0013493079999156886,0.003603199336684959,0.003603199336684959
2023-06-23,-0.005685957708732499,-0.007588742144958083,-0.007588742144958083
2023-06-26,0.002735971437404055,-0.0040941396461127155,-0.0040941396461127155
2023-06-27,0.01392948692128884,0.010903682049710817,0.010903682049710817
2023-06-28,0.0053260712626451955,0.000504290550545683,0.000504290550545683
2023-06-29,-0.0005678219950694829,0.0039335360358130345,0.0039335360358130345
2023-06-30,0.011928233026959603,0.011731645703089377,0.011731645703089377
2023-07-03,0.0026545214680654674,0.001149874213197677,0.001149874213197677
2023-07-05,-0.00836519948917522,-0.0014883079688878809,-0.0014883079688878809
2023-07-06,-0.013381008724633678,-0.00786149640021172,-0.00786149640021172
2023-07-07,0.0011417657381953392,-0.0025278512521094143,-0.0025278512521094143
2023-07-10,0.014048296369607164,0.0025278512521094143,0.0025278512521094143
2023-07-11,0.011056233477105276,0.006348314487047979,0.006348314487047979
2023-07-12,0.0016449743940477673,0.008013753860049988,0.008013753860049988
2023-07-13,0.005415252879758927,0.007905585557563377,0.007905585557563377
2023-07-14,-0.0022941666260174135,-0.0006230340522073163,-0.0006230340522073163
2023-07-17,-0.0025832168496185376,0.003466159428025861,0.003466159428025861
2023-07-18,0.008523548768072943,0.007403154693358616,0.007403154693358616
2023-07-19,-0.0008995415594384719,0.0022212580314917574,0.0022212580314917574
2023-07-20,0.006621609576425798,-0.00665653000934352,-0.00665653000934352
2023-07-21,0.0030837820049185068,0.0,0.0
2023-07-24,0.0020979975691531685,0.0044572747567697135,0.0044572747567697135
2023-07-25,0.0014237341822124214,0.0027263548881260036,0.0027263548881260036
2023-07-26,0.011717310313961938,0.00015372163863514032,0.00015372163863514032
2023-07-27,-0.006188875286100548,-0.006652052498980154,-0.006652052498980154
2023-07-28,0.008356124720373373,0.009742732110726848,0.009742732110726848
2023-07-31,0.0009114965593784633,0.0019022263821799612,0.0019022263821799612
2023-08-01,-0.006595663516715974,-0.0028656444799004532,-0.0028656444799004532
2023-08-02,-0.009184227282720274,-0.014008514364885372,-0.014008514364885372
2023-08-03,-0.006180859841345848,-0.002869949666129301,-0.002869949666129301
2023-08-04,-0.001050986445713072,-0.0045330581822620175,-0.0045330581822620175
2023-08-07,0.004343523080181323,0.008690615776225208,0.008690615776225208
2023-08-08,-0.004184639091501049,-0.004358102313007706,-0.004358102313007706
2023-08-09,0.0008272503813271203,-0.006707689400339056,-0.006707689400339056
2023-08-10,-0.003715223769173431,0.0003588567069483517,0.0003588567069483517
2023-08-11,0.005600945025284661,-0.0005832161864152141,-0.0005832161864152141
2023-08-14,0.00034134630379044795,0.00550480729468017,0.00550480729468017
2023-08-15,-0.006036617727719318,-0.011717204874832632,-0.011717204874832632
2023-08-16,-0.006334282396350228,-0.007365280983168354,-0.007365280983168354
2023-08-17,-0.007052796053849993,-0.007649032893089824,-0.007649032893089824
2023-08-18,-0.00419819481920394,0.0004811869831895521,0.0004811869831895521
2023-08-21,0.004625192400045191,0.006485256850341514,0.006485256850341514
2023-08-22,-0.0013245520704502998,-0.002712356663822746,-0.002712356663822746
2023-08-23,0.00891845444248022,0.011076217370794339,0.011076217370794339
2023-08-24,-0.010574431625947683,-0.013955987815641002,-0.013955987815641002
2023-08-25,0.00821452255685304,0.007025054334515168,0.007025054334515168
2023-08-28,0.01003421523395434,0.006321354110188082,0.006321354110188082
2023-08-29,0.012001494090908326,0.014351294627849676,0.014351294627849676
2023-08-30,0.004240302423696079,0.004110354480063805,0.004110354480063805
2023-08-31,-0.010182460631040963,-0.001464464855073011,-0.001464464855073011
2023-09-01,0.0023753605722993372,0.0018634366678229597,0.0018634366678229597
2023-09-05,-0.005683923505990545,-0.004331278283796536,-0.004331278283796536
2023-09-06,-0.008346816254985269,-0.006745208623893717,-0.006745208623893717
2023-09-07,-0.007129567535005557,-0.0030749071304478903,-0.0030749071304478903
2023-09-08,0.0002775462076555864,0.0015049891990273068,0.0015049891990273068
2023-09-11,0.007137019950316219,0.0065550917867778224,0.0065550917867778224
2023-09-12,-0.0005751905704798486,-0.005500690848661449,-0.005500690848661449
2023-09-13,-0.0021745285957532182,0.0011652728548385838,0.0011652728548385838
2023-09-14,0.012837097319425474,0.008585484765506024,0.008585484765506024
2023-09-15,-0.015593849474945146,-0.012121528727798925,-0.012121528727798925
2023-09-18,-0.0024663447929894424,0.0005862957175120087,0.0005862957175120087
2023-09-19,0.001911212437444478,-0.0020760346400310326,-0.0020760346400310326
2023-09-20,-0.01055645658557577,-0.009235811923072212,-0.009235811923072212
2023-09-21,-0.015975102192609118,-0.016666498926523055,-0.016666498926523055
2023-09-22,-0.006303963526099115,-0.0022510336160292965,-0.0022510336160292965
2023-09-25,0.0023468896887917554,0.004196336148655,0.004196336148655
2023-09-26,-0.008241078006949351,-0.014800267515680865,-0.014800267515680865
2023-09-27,-0.0009539923208909359,0.0003990890923688539,0.0003990890923688539
2023-09-28,0.008168301288079334,0.005780691631152024,0.005780691631152024
2023-09-29,-0.006975445850801814,-0.002429828304054027,-0.002429828304054027
2023-10-02,0.00037543902439802834,-0.00039782547930489187,-0.00039782547930489187
2023-10-03,-0.014890846177955962,-0.013476460281236058,-0.013476460281236058
2023-10-04,0.005985778664047667,0.007255603985912629,0.007255603985912629
2023-10-05,-0.00030016539569798764,-0.000376863990913634,-0.000376863990913634
2023-10-06,0.01819377098309009,0.01180287450002826,0.01180287450002826
2023-10-09,0.003847523191801901,0.006381781720316226,0.006381781720316226
2023-10-10,0.009229461041738312,0.005191320913568553,0.005191320913568553
2023-10-11,0.007434010046472702,0.004087952996886024,0.004087952996886024
2023-10-12,-0.005507225236760164,-0.006115108130297031,-0.006115108130297031
2023-10-13,-0.008677603527167718,-0.004993301169363917,-0.004993301169363917
2023-10-16,0.008762039518858877,0.010466471837644598,0.010466471837644598
2023-10-17,-0.0025388303750608124,-4.588852679709987e-05,-4.588852679709987e-05
2023-10-18,-0.0163925738644919,-0.013414701325352496,-0.013414701325352496
2023-10-19,-0.013611279302476404,-0.00882524396104678,-0.00882524396104678
2023-10-20,-0.011690162046928182,-0.012364118509782251,-0.012364118509782251
2023-10-23,2.9615953629317582e-05,-0.0017347576260151598,-0.0017347576260151598
2023-10-24,0.016200374585823636,0.007511147411543462,0.007511147411543462
2023-10-25,-0.022308271303642473,-0.014456212419053038,-0.014456212419053038
2023-10-26,-0.01839274886212161,-0.012046857503348996,-0.012046857503348996
2023-10-27,-0.01012622418917791,-0.004543108818284125,-0.004543108818284125
2023-10-30,0.012620049075491047,0.011884934771638989,0.011884934771638989
2023-10-31,-0.004554656306826302,0.006260580168041763,0.006260580168041763
2023-11-01,0.01272840800956715,0.010608276229507219,0.010608276229507219
2023-11-02,0.011338101765508613,0.018983087021128497,0.018983087021128497
2023-11-03,0.0008302474793312279,0.009082026267790866,0.009082026267790866
2023-11-06,0.0036060318316279245,0.002297799901327835,0.002297799901327835
2023-11-07,-0.0017594792712470294,0.00284200073951979,0.00284200073951979
2023-11-08,-0.0024487973220437896,0.0007321554958652499,0.0007321554958652499
2023-11-09,-0.0057222459489158954,-0.007829334251197473,-0.007829334251197473
2023-11-10,0.015797029413267147,0.01548428876314123,0.01548428876314123
2023-11-13,0.002180520451979514,-0.0009536099371532103,-0.0009536099371532103
2023-11-14,0.008348523365277416,0.019214937318065672,0.019214937318065672
2023-11-15,0.0018063117973380286,0.0021147868864854757,0.0021147868864854757
2023-11-16,-0.006325370303815273,0.0012223701635392104,0.0012223701635392104
2023-11-17,-0.0005139186738985855,0.0012430370687157577,0.0012430370687157577
2023-11-20,0.008863215460848598,0.007668134630916867,0.007668134630916867
2023-11-21,-0.0005339632316701812,-0.002181792527676585,-0.002181792527676585
2023-11-22,0.005425641729529048,0.00385343723487086,0.00385343723487086
2023-11-24,0.0027792717406965213,0.0006151016220670158,0.0006151016220670158
2023-11-27,-0.0005181854730194888,-0.001802549316360036,-0.001802549316360036
2023-11-28,0.0008944254510841498,0.000989581510048687,0.000989581510048687
2023-11-29,-0.005697852733777731,-0.0007036242733349241,-0.0007036242733349241
2023-11-30,0.005982346080978028,0.003929718230695656,0.003929718230695656
2023-12-01,0.01106466797696061,0.005898477328170948,0.005898477328170948
2023-12-04,-0.005951977674476832,-0.005263227805268222,-0.005263227805268222
2023-12-05,0.001491359092168918,-0.00019714256081115877,-0.00019714256081115877
2023-12-06,0.0011416674989394796,-0.00403788281851547,-0.00403788281851547
2023-12-07,0.009193828668463577,0.00760144634582538,0.00760144634582538
2023-12-08,0.00854554903397149,0.004289916463070753,0.004289916463070753
2023-12-11,0.006681515829659454,0.0038820104333776584,0.0038820104333776584
2023-12-12,0.007226649832851578,0.0045568475816528675,0.0045568475816528675
2023-12-13,0.007976311164663,0.013695889035256315,0.013695889035256315
2023-12-14,-0.0026296469872173368,0.0032042206574303123,0.0032042206574303123
2023-12-15,0.005782415361504695,-0.0016478379896289752,-0.0016478379896289752
2023-12-18,0.0003226402328589173,0.0056093096884453075,0.0056093096884453075
2023-12-19,0.007542437784828277,0.006062470643089846,0.006062470643089846
2023-12-20,-0.016576149393175758,-0.013954179408551148,-0.013954179408551148
2023-12-21,0.014215092068162658,0.009437245558765461,0.009437245558765461
2023-12-22,0.0023994479811726066,0.002007675812166987,0.002007675812166987
